{
  "precision": 0.971598207950592,
  "recall": 0.971598207950592,
  "f0.5": 0.971598207950592,
  "f1": 0.971598207950592,
  "f2": 0.971598207950592,
  "tag_wise": {
    "precision": [
      0.9998990297317505,
      0.9168765544891357,
      0.9742892384529114,
      0.9323518872261047,
      0.9942120313644409,
      0.993726372718811,
      0.9638809561729431,
      0.9680811166763306,
      0.9907994270324707,
      0.9476574659347534,
      0.9753701090812683,
      0.553398072719574
    ],
    "recall": [
      0.9999327063560486,
      0.9138621687889099,
      0.9834197163581848,
      0.9415096044540405,
      0.9921239018440247,
      0.9931433796882629,
      0.9681290984153748,
      0.8697705864906311,
      0.9864631295204163,
      0.9217159152030945,
      0.9763854742050171,
      0.41304346919059753
    ],
    "f1": [
      0.9999158978462219,
      0.9153668880462646,
      0.9788331985473633,
      0.9369083642959595,
      0.9931668639183044,
      0.9934347867965698,
      0.9660003781318665,
      0.9162964224815369,
      0.9886265397071838,
      0.9345067143440247,
      0.975877583026886,
      0.4730290472507477
    ],
    "f0.5": [
      0.9999057650566101,
      0.9162721037864685,
      0.9761016964912415,
      0.9341691732406616,
      0.9937937259674072,
      0.9936097264289856,
      0.9647276401519775,
      0.9466803669929504,
      0.9899291396141052,
      0.9423530101776123,
      0.9755730628967285,
      0.5181818008422852
    ],
    "f2": [
      0.999925971031189,
      0.914463460445404,
      0.9815799593925476,
      0.9396637082099915,
      0.9925408363342285,
      0.9932599663734436,
      0.9672764539718628,
      0.8878021836280823,
      0.9873273372650146,
      0.9267899990081787,
      0.9761822819709778,
      0.4351145029067993
    ]
  }
}