{
  "precision": 0.970073938369751,
  "recall": 0.970073938369751,
  "f0.5": 0.970073938369751,
  "f1": 0.970073938369751,
  "f2": 0.970073938369751,
  "tag_wise": {
    "precision": [
      0.9995210766792297,
      0.9089928269386292,
      0.9744696617126465,
      0.9331139326095581,
      0.9901003241539001,
      0.9932457208633423,
      0.9624515175819397,
      0.9810892343521118,
      0.990195095539093,
      0.9556050896644592,
      0.9701159000396729,
      0.5668789744377136
    ],
    "recall": [
      0.9999657869338989,
      0.9070894122123718,
      0.9849329590797424,
      0.9334460496902466,
      0.9932052493095398,
      0.9940037131309509,
      0.9657117128372192,
      0.838126003742218,
      0.9863266944885254,
      0.9291666746139526,
      0.975890040397644,
      0.3647541105747223
    ],
    "f1": [
      0.9997434020042419,
      0.9080401062965393,
      0.9796733856201172,
      0.9332799315452576,
      0.9916503429412842,
      0.9936245679855347,
      0.9640788435935974,
      0.9039902687072754,
      0.988257110118866,
      0.9422004222869873,
      0.9729943871498108,
      0.4438902735710144
    ],
    "f0.5": [
      0.9996100068092346,
      0.9086114764213562,
      0.9765444993972778,
      0.9331803321838379,
      0.990719735622406,
      0.9933972358703613,
      0.9631018042564392,
      0.948723554611206,
      0.9894189834594727,
      0.950197696685791,
      0.9712652564048767,
      0.5103210806846619
    ],
    "f2": [
      0.9998767971992493,
      0.9074694514274597,
      0.9828223586082458,
      0.933379590511322,
      0.9925827383995056,
      0.9938520193099976,
      0.965057909488678,
      0.8632854223251343,
      0.987097978591919,
      0.9343366622924805,
      0.9747297167778015,
      0.39276257157325745
    ]
  }
}