{
  "precision": 0.9704871773719788,
  "recall": 0.9704871773719788,
  "f0.5": 0.9704871773719788,
  "f1": 0.9704871773719788,
  "f2": 0.9704871773719788,
  "tag_wise": {
    "precision": [
      0.9997309446334839,
      0.912177562713623,
      0.977180540561676,
      0.9255723357200623,
      0.9957666397094727,
      0.992862343788147,
      0.9600712656974792,
      0.9812674522399902,
      0.9899665713310242,
      0.943421483039856,
      0.9755768775939941,
      0.6844919919967651
    ],
    "recall": [
      0.9999327063560486,
      0.9127798676490784,
      0.9841819405555725,
      0.9423994421958923,
      0.9867593050003052,
      0.992175817489624,
      0.9682813286781311,
      0.8225860595703125,
      0.9835867285728455,
      0.9410586357116699,
      0.9724974632263184,
      0.402515709400177
    ],
    "f1": [
      0.9998317956924438,
      0.9124786257743835,
      0.9806687235832214,
      0.933910071849823,
      0.991242527961731,
      0.992518961429596,
      0.964158833026886,
      0.8949472904205322,
      0.9867663383483887,
      0.9422385692596436,
      0.9740347266197205,
      0.5069307088851929
    ],
    "f0.5": [
      0.9997712969779968,
      0.9122979640960693,
      0.9785728454589844,
      0.9288895130157471,
      0.9939520359039307,
      0.9927249550819397,
      0.9617021679878235,
      0.9448153972625732,
      0.9886839985847473,
      0.9429479837417603,
      0.9749594330787659,
      0.600375235080719
    ],
    "f2": [
      0.9998923540115356,
      0.9126593470573425,
      0.9827736616134644,
      0.9389852285385132,
      0.9885477423667908,
      0.9923130869865417,
      0.9666281342506409,
      0.8500794172286987,
      0.984856128692627,
      0.9415302276611328,
      0.9731118083000183,
      0.43865662813186646
    ]
  }
}