{
  "precision": 0.9692125916481018,
  "recall": 0.9692125916481018,
  "f0.5": 0.9692125916481018,
  "f1": 0.9692125916481018,
  "f2": 0.9692125916481018,
  "tag_wise": {
    "precision": [
      0.9996936917304993,
      0.9137142300605774,
      0.9798435568809509,
      0.9313187003135681,
      0.9937408566474915,
      0.9921075105667114,
      0.9644561409950256,
      0.9813538789749146,
      0.9844227433204651,
      0.94870924949646,
      0.9598486423492432,
      0.48235294222831726
    ],
    "recall": [
      0.999727725982666,
      0.8985368013381958,
      0.9818056225776672,
      0.932723879814148,
      0.9869064688682556,
      0.9935299158096313,
      0.9626919627189636,
      0.8348276019096375,
      0.9892014861106873,
      0.9397711753845215,
      0.9799793362617493,
      0.45387452840805054
    ],
    "f1": [
      0.9997106790542603,
      0.9060620069503784,
      0.9808236360549927,
      0.9320207238197327,
      0.990311861038208,
      0.9928181767463684,
      0.9635732769966125,
      0.902180016040802,
      0.986806333065033,
      0.9442190527915955,
      0.9698095321655273,
      0.46768060326576233
    ],
    "f0.5": [
      0.9997004866600037,
      0.9106378555297852,
      0.9802353382110596,
      0.9315993785858154,
      0.9923664331436157,
      0.9923916459083557,
      0.9641028046607971,
      0.9480733275413513,
      0.9853748083114624,
      0.9469080567359924,
      0.9638083577156067,
      0.47637489438056946
    ],
    "f2": [
      0.9997208714485168,
      0.9015318155288696,
      0.9814125895500183,
      0.9324424862861633,
      0.9882658123970032,
      0.9932450652122498,
      0.963044285774231,
      0.8605246543884277,
      0.9882420301437378,
      0.941545307636261,
      0.9758859276771545,
      0.4592979848384857
    ]
  }
}