{
  "precision": 0.9694882035255432,
  "recall": 0.9694882035255432,
  "f0.5": 0.9694882035255432,
  "f1": 0.9694882035255432,
  "f2": 0.9694882035255432,
  "tag_wise": {
    "precision": [
      0.9996951818466187,
      0.9150650501251221,
      0.9840753078460693,
      0.9064924120903015,
      0.9946384429931641,
      0.9907845854759216,
      0.9625470638275146,
      0.965805172920227,
      0.9915350675582886,
      0.9301440119743347,
      0.9702460169792175,
      0.6711409687995911
    ],
    "recall": [
      0.999898374080658,
      0.9049108624458313,
      0.9726373553276062,
      0.9496510624885559,
      0.9889481067657471,
      0.9952083826065063,
      0.964196503162384,
      0.8312799334526062,
      0.98442143201828,
      0.9515664577484131,
      0.9775372743606567,
      0.3610108196735382
    ],
    "f1": [
      0.9997967481613159,
      0.909959614276886,
      0.9783229231834412,
      0.9275699853897095,
      0.9917851090431213,
      0.99299156665802,
      0.9633710980415344,
      0.8935074210166931,
      0.98796546459198,
      0.9407333135604858,
      0.973878026008606,
      0.46948355436325073
    ],
    "f0.5": [
      0.9997357726097107,
      0.9130160212516785,
      0.9817662239074707,
      0.9148074388504028,
      0.9934951066970825,
      0.9916661977767944,
      0.9628764986991882,
      0.9355261325836182,
      0.9901041388511658,
      0.9343509674072266,
      0.9716955423355103,
      0.5727376937866211
    ],
    "f2": [
      0.9998577237129211,
      0.9069236516952515,
      0.9749035835266113,
      0.9406936764717102,
      0.9900809526443481,
      0.9943204522132874,
      0.9638661742210388,
      0.8551010489463806,
      0.9858359694480896,
      0.9472033977508545,
      0.9760702848434448,
      0.3977724611759186
    ]
  }
}