{
  "precision": 0.9762212038040161,
  "recall": 0.9762212038040161,
  "f0.5": 0.9762211441993713,
  "f1": 0.9762212038040161,
  "f2": 0.9762211441993713,
  "tag_wise": {
    "precision": [
      0.9997857213020325,
      0.9405878186225891,
      0.958295464515686,
      0.9452246427536011,
      0.9962127804756165,
      0.9923617839813232,
      0.9822515845298767,
      0.9785197377204895,
      0.9928255081176758,
      0.8896790742874146,
      0.9843864440917969,
      0.8511573672294617
    ],
    "recall": [
      0.9998980164527893,
      0.9462910294532776,
      0.972819447517395,
      0.9215816855430603,
      0.9948770403862,
      0.9943059086799622,
      0.9804273843765259,
      0.9664227962493896,
      0.9731119871139526,
      0.8655531406402588,
      0.9887847900390625,
      0.7517130970954895
    ],
    "f1": [
      0.9998418688774109,
      0.9434308409690857,
      0.9655028581619263,
      0.9332534074783325,
      0.9955444931983948,
      0.9933329224586487,
      0.981338620185852,
      0.9724336266517639,
      0.9828699231147766,
      0.8774502873420715,
      0.9865807294845581,
      0.7983503937721252
    ],
    "f0.5": [
      0.9998081922531128,
      0.9417229890823364,
      0.9611654877662659,
      0.9403994679450989,
      0.9959453344345093,
      0.9927499890327454,
      0.9818862080574036,
      0.9760761857032776,
      0.9888191223144531,
      0.8847469091415405,
      0.9852629899978638,
      0.8292179107666016
    ],
    "f2": [
      0.999875545501709,
      0.9451448917388916,
      0.9698795676231384,
      0.9262151718139648,
      0.9951438903808594,
      0.9939165115356445,
      0.9807916879653931,
      0.968818187713623,
      0.9769918322563171,
      0.8702731132507324,
      0.9879019856452942,
      0.7696985006332397
    ]
  }
}