{
  "precision": 0.9764575362205505,
  "recall": 0.9764575362205505,
  "f0.5": 0.9764575362205505,
  "f1": 0.9764575362205505,
  "f2": 0.9764575362205505,
  "tag_wise": {
    "precision": [
      0.9997905492782593,
      0.947036862373352,
      0.959551215171814,
      0.9396613836288452,
      0.9950103163719177,
      0.992896318435669,
      0.98060142993927,
      0.9782567024230957,
      0.9939051270484924,
      0.887607216835022,
      0.9854763746261597,
      0.9151828289031982
    ],
    "recall": [
      0.999958872795105,
      0.9385241270065308,
      0.9727939367294312,
      0.9294159412384033,
      0.9956746697425842,
      0.9937752485275269,
      0.9820109009742737,
      0.9641950726509094,
      0.9714106917381287,
      0.8752713203430176,
      0.9884657263755798,
      0.756007194519043
    ],
    "f1": [
      0.9998747110366821,
      0.942761242389679,
      0.9661272168159485,
      0.9345105886459351,
      0.9953423738479614,
      0.9933356046676636,
      0.9813056588172913,
      0.971174955368042,
      0.9825292229652405,
      0.8813961148262024,
      0.9869688153266907,
      0.8280144929885864
    ],
    "f0.5": [
      0.9998242259025574,
      0.9453219771385193,
      0.9621708393096924,
      0.9375942349433899,
      0.9951431155204773,
      0.993071973323822,
      0.980883002281189,
      0.9754116535186768,
      0.9893233180046082,
      0.8851122856140137,
      0.9860727787017822,
      0.8782021403312683
    ],
    "f2": [
      0.9999251961708069,
      0.9402143955230713,
      0.9701161980628967,
      0.9314470887184143,
      0.9955417513847351,
      0.9935993552207947,
      0.9817286729812622,
      0.9669749736785889,
      0.9758277535438538,
      0.8777109980583191,
      0.9878664016723633,
      0.7832530736923218
    ]
  }
}