{
  "precision": 0.9761853218078613,
  "recall": 0.9761853218078613,
  "f0.5": 0.9761852622032166,
  "f1": 0.9761853218078613,
  "f2": 0.9761852622032166,
  "tag_wise": {
    "precision": [
      0.9998259544372559,
      0.9383264183998108,
      0.9585192799568176,
      0.9461565613746643,
      0.995433509349823,
      0.9917035102844238,
      0.9830412864685059,
      0.974027693271637,
      0.9960606098175049,
      0.8856790661811829,
      0.984427273273468,
      0.8948023319244385
    ],
    "recall": [
      0.9999033212661743,
      0.9481246471405029,
      0.971756637096405,
      0.9212134480476379,
      0.9949356913566589,
      0.994255542755127,
      0.9801608920097351,
      0.9784467220306396,
      0.9623006582260132,
      0.8795534372329712,
      0.9885039925575256,
      0.7605451941490173
    ],
    "f1": [
      0.9998646378517151,
      0.9432000517845154,
      0.9650925397872925,
      0.9335184097290039,
      0.9951845407485962,
      0.9929779171943665,
      0.981598973274231,
      0.9762322306632996,
      0.9788896441459656,
      0.8826056122779846,
      0.9864614009857178,
      0.822229266166687
    ],
    "f0.5": [
      0.9998413920402527,
      0.9402698278427124,
      0.9611378312110901,
      0.941060483455658,
      0.9953339099884033,
      0.9922128915786743,
      0.9824638366699219,
      0.9749082922935486,
      0.9891204833984375,
      0.8844470977783203,
      0.9852399230003357,
      0.8642882108688354
    ],
    "f2": [
      0.9998878240585327,
      0.9461486339569092,
      0.9690799713134766,
      0.9260962605476379,
      0.9950352311134338,
      0.9937440752983093,
      0.9807355999946594,
      0.9775597453117371,
      0.9688683152198792,
      0.880771815776825,
      0.9876859784126282,
      0.7840738296508789
    ]
  }
}