{
  "precision": 0.9757882356643677,
  "recall": 0.9757882356643677,
  "f0.5": 0.9757882952690125,
  "f1": 0.9757882356643677,
  "f2": 0.9757882952690125,
  "tag_wise": {
    "precision": [
      0.9997617602348328,
      0.941425085067749,
      0.9577272534370422,
      0.9426471590995789,
      0.9948074221611023,
      0.9926678538322449,
      0.9808693528175354,
      0.9769375324249268,
      0.9938889145851135,
      0.8890573382377625,
      0.9853490591049194,
      0.8002228140830994
    ],
    "recall": [
      0.9999085664749146,
      0.941084086894989,
      0.9735318422317505,
      0.9233619570732117,
      0.995122492313385,
      0.9938325881958008,
      0.9806954264640808,
      0.9640321731567383,
      0.9691276550292969,
      0.8684483766555786,
      0.9877572655677795,
      0.7827792763710022
    ],
    "f1": [
      0.999835193157196,
      0.9412545561790466,
      0.9655649065971375,
      0.9329048991203308,
      0.9949649572372437,
      0.9932498931884766,
      0.9807823896408081,
      0.9704419374465942,
      0.9813520908355713,
      0.8786320090293884,
      0.9865517020225525,
      0.7914049625396729
    ],
    "f0.5": [
      0.999791145324707,
      0.9413568377494812,
      0.960847020149231,
      0.9387259483337402,
      0.9948704242706299,
      0.9929006099700928,
      0.9808345437049866,
      0.974328875541687,
      0.9888359308242798,
      0.8848576545715332,
      0.985829770565033,
      0.7966722249984741
    ],
    "f2": [
      0.9998791813850403,
      0.9411522150039673,
      0.9703293442726135,
      0.927155613899231,
      0.9950594902038574,
      0.9935994744300842,
      0.9807302355766296,
      0.9665859341621399,
      0.973980724811554,
      0.8724933862686157,
      0.987274706363678,
      0.7862069010734558
    ]
  }
}