{
  "precision": 0.9763619303703308,
  "recall": 0.9763619303703308,
  "f0.5": 0.976361870765686,
  "f1": 0.9763619303703308,
  "f2": 0.976361870765686,
  "tag_wise": {
    "precision": [
      0.9996604323387146,
      0.9409465193748474,
      0.9616039395332336,
      0.936984658241272,
      0.9960711002349854,
      0.991647481918335,
      0.9824852347373962,
      0.9793637990951538,
      0.9956532716751099,
      0.8911687135696411,
      0.9839361310005188,
      0.9057186841964722
    ],
    "recall": [
      0.9999819397926331,
      0.9446737766265869,
      0.971625804901123,
      0.932471752166748,
      0.9944853782653809,
      0.9943263530731201,
      0.9800318479537964,
      0.9661610722541809,
      0.9651246070861816,
      0.8779256343841553,
      0.9889327883720398,
      0.7592312693595886
    ],
    "f1": [
      0.999821126461029,
      0.9428064823150635,
      0.9665889143943787,
      0.9347227811813354,
      0.9952776432037354,
      0.9929851293563843,
      0.9812570214271545,
      0.9727176427841187,
      0.9801512360572815,
      0.8844976425170898,
      0.9864281415939331,
      0.8260307908058167
    ],
    "f0.5": [
      0.9997246861457825,
      0.9416896104812622,
      0.9635917544364929,
      0.9360786080360413,
      0.9957535862922668,
      0.9921821355819702,
      0.981993556022644,
      0.9766944646835327,
      0.989393949508667,
      0.888488233089447,
      0.9849314093589783,
      0.8720670938491821
    ],
    "f2": [
      0.9999176263809204,
      0.9439259767532349,
      0.9696047902107239,
      0.9333708882331848,
      0.9948021173477173,
      0.9937893748283386,
      0.980521559715271,
      0.9687730669975281,
      0.9710796475410461,
      0.8805426955223083,
      0.9879294037818909,
      0.7846112847328186
    ]
  }
}