{
  "precision": 0.9831576943397522,
  "recall": 0.9831576943397522,
  "f0.5": 0.9831576943397522,
  "f1": 0.9831576943397522,
  "f2": 0.9831576943397522,
  "tag_wise": {
    "precision": [
      0.9988909363746643,
      0.9562488198280334,
      0.9817812442779541,
      0.9704211950302124,
      0.9947436451911926,
      0.9959527850151062,
      0.9823310971260071,
      0.9822813272476196,
      0.9904910326004028,
      0.9686599969863892,
      0.9808000326156616,
      0.7179229259490967
    ],
    "recall": [
      0.9998210072517395,
      0.9448663592338562,
      0.9950914978981018,
      0.9452449679374695,
      0.9957728385925293,
      0.9954870939254761,
      0.9809227585792542,
      0.9340332746505737,
      0.9839488863945007,
      0.9597994685173035,
      0.9907444715499878,
      0.7775476574897766
    ],
    "f1": [
      0.9993557333946228,
      0.9505235552787781,
      0.9883915781974792,
      0.9576676487922668,
      0.9952579736709595,
      0.995719850063324,
      0.9816263914108276,
      0.9575499296188354,
      0.9872090816497803,
      0.9642093777656555,
      0.9857471585273743,
      0.7465466856956482
    ],
    "f0.5": [
      0.999076783657074,
      0.9539504647254944,
      0.9844147562980652,
      0.965279221534729,
      0.9949493408203125,
      0.9958596229553223,
      0.9820491075515747,
      0.9722369909286499,
      0.9891756176948547,
      0.9668748378753662,
      0.982772946357727,
      0.7291049361228943
    ],
    "f2": [
      0.999634861946106,
      0.9471211433410645,
      0.9924006462097168,
      0.9501751065254211,
      0.9955668449401855,
      0.9955801963806152,
      0.981204092502594,
      0.9432999491691589,
      0.9852503538131714,
      0.9615585803985596,
      0.9887394905090332,
      0.7648433446884155
    ]
  }
}