{
  "precision": 0.9839202761650085,
  "recall": 0.9839202761650085,
  "f0.5": 0.9839202761650085,
  "f1": 0.9839202761650085,
  "f2": 0.9839202761650085,
  "tag_wise": {
    "precision": [
      0.9992407560348511,
      0.9470641613006592,
      0.9871383905410767,
      0.9681318402290344,
      0.9965073466300964,
      0.9956137537956238,
      0.9816807508468628,
      0.9873274564743042,
      0.9904310703277588,
      0.9798218607902527,
      0.9854804277420044,
      0.6956561803817749
    ],
    "recall": [
      0.9995879530906677,
      0.952990710735321,
      0.9937776327133179,
      0.9562957286834717,
      0.9956443309783936,
      0.9972565770149231,
      0.9822180867195129,
      0.9133538603782654,
      0.9866176247596741,
      0.9573007822036743,
      0.9874278903007507,
      0.8092204928398132
    ],
    "f1": [
      0.999414324760437,
      0.9500182271003723,
      0.990446925163269,
      0.9621773958206177,
      0.9960756897926331,
      0.9964344501495361,
      0.9819493293762207,
      0.9489011168479919,
      0.9885206818580627,
      0.9684303998947144,
      0.9864532351493835,
      0.7481533288955688
    ],
    "f0.5": [
      0.9993101954460144,
      0.9482435584068298,
      0.9884591698646545,
      0.9657412171363831,
      0.9963346123695374,
      0.9959418773651123,
      0.9817882180213928,
      0.9715894460678101,
      0.9896660447120667,
      0.975233256816864,
      0.985869288444519,
      0.7157454490661621
    ],
    "f2": [
      0.9995185136795044,
      0.9517995119094849,
      0.9924426674842834,
      0.9586397409439087,
      0.9958168268203735,
      0.9969275593757629,
      0.9821105599403381,
      0.9272482991218567,
      0.987377941608429,
      0.9617217779159546,
      0.9870377779006958,
      0.783635139465332
    ]
  }
}