{
  "precision": 0.9830352067947388,
  "recall": 0.9830352067947388,
  "f0.5": 0.9830352067947388,
  "f1": 0.9830352067947388,
  "f2": 0.9830352067947388,
  "tag_wise": {
    "precision": [
      0.9989821910858154,
      0.9488187432289124,
      0.9841156601905823,
      0.9715366959571838,
      0.9962055683135986,
      0.996113657951355,
      0.981499969959259,
      0.9866329431533813,
      0.9902401566505432,
      0.9726660251617432,
      0.981509268283844,
      0.6866922378540039
    ],
    "recall": [
      0.9998308420181274,
      0.9479131698608398,
      0.9939242005348206,
      0.9473901987075806,
      0.9963021874427795,
      0.9960683584213257,
      0.9806574583053589,
      0.9177175760269165,
      0.9841495752334595,
      0.9569748044013977,
      0.990339457988739,
      0.7767245173454285
    ],
    "f1": [
      0.9994063377380371,
      0.9483657479286194,
      0.9889956116676331,
      0.9593115448951721,
      0.9962539076805115,
      0.9960910081863403,
      0.9810785055160522,
      0.950928270816803,
      0.9871854782104492,
      0.9647566080093384,
      0.9859045743942261,
      0.72893887758255
    ],
    "f0.5": [
      0.9991518259048462,
      0.9486374855041504,
      0.9860618114471436,
      0.9666094183921814,
      0.9962249398231506,
      0.9961045980453491,
      0.9813313484191895,
      0.9720340967178345,
      0.989016056060791,
      0.9694867730140686,
      0.9832626581192017,
      0.7029893398284912
    ],
    "f2": [
      0.9996610283851624,
      0.9480941295623779,
      0.9919468760490417,
      0.9521229863166809,
      0.9962828755378723,
      0.9960774183273315,
      0.9808258414268494,
      0.9307195544242859,
      0.9853616952896118,
      0.9600724577903748,
      0.9885607361793518,
      0.7568776607513428
    ]
  }
}