{
  "precision": 0.9829861521720886,
  "recall": 0.9829861521720886,
  "f0.5": 0.9829862117767334,
  "f1": 0.9829861521720886,
  "f2": 0.9829862117767334,
  "tag_wise": {
    "precision": [
      0.9993883967399597,
      0.9445467591285706,
      0.9857543110847473,
      0.9634729027748108,
      0.9974303841590881,
      0.9952141046524048,
      0.9831163883209229,
      0.9858879446983337,
      0.9932171106338501,
      0.9686320424079895,
      0.9816694855690002,
      0.7308880686759949
    ],
    "recall": [
      0.9996722340583801,
      0.9509490132331848,
      0.9929311871528625,
      0.9555712938308716,
      0.9943224787712097,
      0.9969282746315002,
      0.9783028960227966,
      0.9205151796340942,
      0.9803714752197266,
      0.9627078175544739,
      0.9899270534515381,
      0.8233774900436401
    ],
    "f1": [
      0.9995303153991699,
      0.9477370977401733,
      0.9893297553062439,
      0.9595058560371399,
      0.9958739876747131,
      0.9960704445838928,
      0.9807037711143494,
      0.9520807266235352,
      0.9867525100708008,
      0.9656608700752258,
      0.9857810139656067,
      0.7743809223175049
    ],
    "f0.5": [
      0.9994451403617859,
      0.9458203315734863,
      0.9871814250946045,
      0.9618821740150452,
      0.9968072772026062,
      0.9955564737319946,
      0.9821498990058899,
      0.9720810055732727,
      0.9906210899353027,
      0.9674413800239563,
      0.9833099842071533,
      0.7476854920387268
    ],
    "f2": [
      0.999615490436554,
      0.9496616721153259,
      0.9914875030517578,
      0.9571412205696106,
      0.9949424862861633,
      0.996584951877594,
      0.9792618155479431,
      0.9328868389129639,
      0.9829139709472656,
      0.9638868570327759,
      0.9882644414901733,
      0.8030532002449036
    ]
  }
}