{
  "precision": 0.9830858707427979,
  "recall": 0.9830858707427979,
  "f0.5": 0.9830858707427979,
  "f1": 0.9830858707427979,
  "f2": 0.9830858707427979,
  "tag_wise": {
    "precision": [
      0.9992460608482361,
      0.9537169933319092,
      0.986336350440979,
      0.9681352972984314,
      0.996629536151886,
      0.995139479637146,
      0.9805605411529541,
      0.9885061979293823,
      0.9899452924728394,
      0.9811312556266785,
      0.9776851534843445,
      0.7854387760162354
    ],
    "recall": [
      0.9996970295906067,
      0.9423356652259827,
      0.9935216307640076,
      0.9548214673995972,
      0.9949865937232971,
      0.997719943523407,
      0.9809365272521973,
      0.9053204655647278,
      0.9876924753189087,
      0.9515130519866943,
      0.9911525249481201,
      0.7655974626541138
    ],
    "f1": [
      0.9994714856147766,
      0.947992205619812,
      0.9899159073829651,
      0.9614322781562805,
      0.995807409286499,
      0.9964280724525452,
      0.9807484745979309,
      0.9450863599777222,
      0.9888176321983337,
      0.9660952091217041,
      0.9843727350234985,
      0.7753912210464478
    ],
    "f0.5": [
      0.9993362426757812,
      0.9514188170433044,
      0.9877650737762451,
      0.9654428958892822,
      0.9963005185127258,
      0.9956545233726501,
      0.9806357026100159,
      0.9706681370735168,
      0.9894939064979553,
      0.9750609993934631,
      0.9803492426872253,
      0.7813886404037476
    ],
    "f2": [
      0.9996067881584167,
      0.944590151309967,
      0.9920762181282043,
      0.9574548602104187,
      0.9953147172927856,
      0.9972028136253357,
      0.9808613061904907,
      0.9208183884620667,
      0.9881422519683838,
      0.9572927355766296,
      0.9884294271469116,
      0.7694851160049438
    ]
  }
}