{
  "precision": 0.9695717692375183,
  "recall": 0.9695717692375183,
  "f0.5": 0.9695717692375183,
  "f1": 0.9695717692375183,
  "f2": 0.9695717692375183
}