{
  "precision": 0.9700549244880676,
  "recall": 0.9700549244880676,
  "f0.5": 0.9700549244880676,
  "f1": 0.9700549244880676,
  "f2": 0.9700549244880676
}