{
  "precision": 0.9697379469871521,
  "recall": 0.9697379469871521,
  "f0.5": 0.9697379469871521,
  "f1": 0.9697379469871521,
  "f2": 0.9697379469871521,
  "tag_wise": {
    "precision": [
      0.9997981786727905,
      0.9073818325996399,
      0.9762288331985474,
      0.9373695254325867,
      0.9935466647148132,
      0.9917094111442566,
      0.9591696858406067,
      0.9810799956321716,
      0.987346887588501,
      0.9418468475341797,
      0.9726446866989136,
      0.7888198494911194
    ],
    "recall": [
      0.9997645020484924,
      0.9068371653556824,
      0.9850818514823914,
      0.9294393062591553,
      0.988987922668457,
      0.9925033450126648,
      0.9664838910102844,
      0.8316071033477783,
      0.9821770191192627,
      0.9383870363235474,
      0.9759284257888794,
      0.39937105774879456
    ],
    "f1": [
      0.9997813701629639,
      0.9071093797683716,
      0.980635404586792,
      0.9333875775337219,
      0.9912620782852173,
      0.9921061992645264,
      0.9628129005432129,
      0.9001808166503906,
      0.9847551584243774,
      0.9401137232780457,
      0.9742838144302368,
      0.5302714109420776
    ],
    "f0.5": [
      0.9997914433479309,
      0.9072728157043457,
      0.9779866933822632,
      0.9357726573944092,
      0.9926315546035767,
      0.9918680787086487,
      0.9606236815452576,
      0.9470359683036804,
      0.9863085746765137,
      0.941152811050415,
      0.9732996821403503,
      0.6600831747055054
    ],
    "f2": [
      0.999771237373352,
      0.9069460034370422,
      0.9832984209060669,
      0.9310145974159241,
      0.9898963570594788,
      0.9923444986343384,
      0.9650121331214905,
      0.8577434420585632,
      0.9832066893577576,
      0.9390769600868225,
      0.9752699136734009,
      0.4431263208389282
    ]
  }
}