{
  "precision": 0.9694322347640991,
  "recall": 0.9694322347640991,
  "f0.5": 0.9694322347640991,
  "f1": 0.9694322347640991,
  "f2": 0.9694322347640991,
  "tag_wise": {
    "precision": [
      0.999727725982666,
      0.9095532298088074,
      0.9759536385536194,
      0.9294717311859131,
      0.9923219680786133,
      0.9916352033615112,
      0.963947057723999,
      0.980376124382019,
      0.9903645515441895,
      0.9449166655540466,
      0.9667132496833801,
      0.5062761306762695
    ],
    "recall": [
      0.9997617602348328,
      0.9009354710578918,
      0.9822544455528259,
      0.9228721261024475,
      0.9914032816886902,
      0.9936401844024658,
      0.9665133357048035,
      0.8268965482711792,
      0.987715482711792,
      0.9350605607032776,
      0.9780207872390747,
      0.446494460105896
    ],
    "f1": [
      0.999744713306427,
      0.9052238464355469,
      0.9790939092636108,
      0.9261601567268372,
      0.991862416267395,
      0.9926366806030273,
      0.9652284979820251,
      0.8971193432807922,
      0.9890382289886475,
      0.9399628043174744,
      0.9723341464996338,
      0.4745098054409027
    ],
    "f0.5": [
      0.9997345209121704,
      0.9078165292739868,
      0.9772073030471802,
      0.9281442761421204,
      0.9921380877494812,
      0.9920355081558228,
      0.9644591808319092,
      0.9452853798866272,
      0.9898335933685303,
      0.9429289102554321,
      0.9689537882804871,
      0.4930725395679474
    ],
    "f2": [
      0.9997549653053284,
      0.9026459455490112,
      0.9809877872467041,
      0.9241845011711121,
      0.9915868639945984,
      0.9932385087013245,
      0.9659990072250366,
      0.8536238074302673,
      0.9882441759109497,
      0.9370152950286865,
      0.9757381677627563,
      0.4572940170764923
    ]
  }
}