{
  "precision": 0.9706466197967529,
  "recall": 0.9706466197967529,
  "f0.5": 0.9706466197967529,
  "f1": 0.9706466197967529,
  "f2": 0.9706466197967529,
  "tag_wise": {
    "precision": [
      0.9995210766792297,
      0.91082763671875,
      0.9783381223678589,
      0.9158342480659485,
      0.991406261920929,
      0.9922106862068176,
      0.9652456045150757,
      0.972130537033081,
      0.9917218685150146,
      0.946742594242096,
      0.9736323356628418,
      0.5644171833992004
    ],
    "recall": [
      0.9999657869338989,
      0.9099012613296509,
      0.9824044704437256,
      0.9381617307662964,
      0.9949039816856384,
      0.9952756762504578,
      0.9648107886314392,
      0.8565428256988525,
      0.9852986335754395,
      0.9421666860580444,
      0.9753414988517761,
      0.37704917788505554
    ],
    "f1": [
      0.9997434020042419,
      0.9103642106056213,
      0.9803670644760132,
      0.9268635511398315,
      0.9931520223617554,
      0.9937407970428467,
      0.9650281667709351,
      0.9106836318969727,
      0.9884998202323914,
      0.9444490671157837,
      0.9744861721992493,
      0.45208844542503357
    ],
    "f0.5": [
      0.9996100068092346,
      0.9106422066688538,
      0.9791486859321594,
      0.9202143549919128,
      0.9921038150787354,
      0.9928221702575684,
      0.9651586413383484,
      0.9465828537940979,
      0.9904305338859558,
      0.9458238482475281,
      0.9739736914634705,
      0.5133928656578064
    ],
    "f2": [
      0.9998767971992493,
      0.9100863933563232,
      0.9815884828567505,
      0.9336096048355103,
      0.9942024350166321,
      0.9946611523628235,
      0.9648977518081665,
      0.8774078488349915,
      0.9865766167640686,
      0.9430782794952393,
      0.974999189376831,
      0.4038630425930023
    ]
  }
}