{
  "precision": 0.9701470136642456,
  "recall": 0.9701470136642456,
  "f0.5": 0.9701470136642456,
  "f1": 0.9701470136642456,
  "f2": 0.9701470136642456,
  "tag_wise": {
    "precision": [
      0.9997290372848511,
      0.9274469017982483,
      0.9827550053596497,
      0.9074545502662659,
      0.9924469590187073,
      0.9904579520225525,
      0.9599458575248718,
      0.970367431640625,
      0.990318238735199,
      0.9366067051887512,
      0.9721279144287109,
      0.7121211886405945
    ],
    "recall": [
      0.9999661445617676,
      0.8971195816993713,
      0.9738480448722839,
      0.9440861940383911,
      0.9908984303474426,
      0.9947364330291748,
      0.9699206948280334,
      0.8405202031135559,
      0.9854463338851929,
      0.9432684183120728,
      0.9778925776481628,
      0.3393501937389374
    ],
    "f1": [
      0.9998475909233093,
      0.9120311737060547,
      0.9782812595367432,
      0.9254080057144165,
      0.9916720986366272,
      0.9925925731658936,
      0.9649075269699097,
      0.9007885456085205,
      0.987876296043396,
      0.9399257302284241,
      0.9750016927719116,
      0.4596576988697052
    ],
    "f0.5": [
      0.9997764229774475,
      0.9212185144424438,
      0.9809606075286865,
      0.9145517349243164,
      0.9921368360519409,
      0.991310715675354,
      0.9619243741035461,
      0.9412846565246582,
      0.9893400073051453,
      0.937931478023529,
      0.973275363445282,
      0.5838509202003479
    ],
    "f2": [
      0.9999186992645264,
      0.9030253291130066,
      0.9756165146827698,
      0.9365251660346985,
      0.9912077784538269,
      0.9938778281211853,
      0.9679091572761536,
      0.8636331558227539,
      0.9864168763160706,
      0.941928505897522,
      0.9767341613769531,
      0.3790322542190552
    ]
  }
}