{
  "precision": 0.9703839421272278,
  "recall": 0.9703839421272278,
  "f0.5": 0.9703839421272278,
  "f1": 0.9703839421272278,
  "f2": 0.9703839421272278,
  "tag_wise": {
    "precision": [
      0.9998990297317505,
      0.920498251914978,
      0.9722815155982971,
      0.9260737299919128,
      0.9935543537139893,
      0.9939701557159424,
      0.9597194194793701,
      0.9682059288024902,
      0.9883851408958435,
      0.9582824110984802,
      0.9759367108345032,
      0.43921568989753723
    ],
    "recall": [
      0.9999327063560486,
      0.9011297821998596,
      0.9849644899368286,
      0.9444296956062317,
      0.9914675951004028,
      0.9912367463111877,
      0.969367504119873,
      0.8630229234695435,
      0.9873791337013245,
      0.9163745641708374,
      0.9732898473739624,
      0.4057970941066742
    ],
    "f1": [
      0.9999158978462219,
      0.9107110500335693,
      0.9785819053649902,
      0.9351616501808167,
      0.9925098419189453,
      0.9926015734672546,
      0.9645193219184875,
      0.9125936627388,
      0.9878818988800049,
      0.9368600845336914,
      0.9746115207672119,
      0.42184558510780334
    ],
    "f0.5": [
      0.9999057650566101,
      0.9165582656860352,
      0.974791944026947,
      0.9296876192092896,
      0.9931362867355347,
      0.993422269821167,
      0.9616336822509766,
      0.9451670050621033,
      0.9881837368011475,
      0.9495970010757446,
      0.9754061698913574,
      0.43209877610206604
    ],
    "f2": [
      0.999925971031189,
      0.9049379825592041,
      0.9824014902114868,
      0.9407005310058594,
      0.9918842315673828,
      0.9917822480201721,
      0.9674224257469177,
      0.8821906447410583,
      0.9875801801681519,
      0.9244602918624878,
      0.9738180637359619,
      0.412067711353302
    ]
  }
}